{
  "project_info": {
    "project_number": "760887154145",
    "project_id": "drivinglicapp",
    "storage_bucket": "drivinglicapp.appspot.com"
  },
  "client": [
    {
      "client_info": {
        "mobilesdk_app_id": "1:760887154145:android:eb228fffb23da6374ceea0",
        "android_client_info": {
          "package_name": "com.app.driver_license"
        }
      },
      "oauth_client": [
        {
          "client_id": "760887154145-snpheb2jmoufkifes1dut60u2pshmitv.apps.googleusercontent.com",
          "client_type": 3
        }
      ],
      "api_key": [
        {
          "current_key": "AIzaSyB4UdIh2v3sS47Z6O2ssMTMfzuRAiTOrak"
        }
      ],
      "services": {
        "appinvite_service": {
          "other_platform_oauth_client": [
            {
              "client_id": "760887154145-snpheb2jmoufkifes1dut60u2pshmitv.apps.googleusercontent.com",
              "client_type": 3
            }
          ]
        }
      }
    },
    {
      "client_info": {
        "mobilesdk_app_id": "1:760887154145:android:e36f379f61d64dd54ceea0",
        "android_client_info": {
          "package_name": "com.app.loanservicecheck"
        }
      },
      "oauth_client": [
        {
          "client_id": "760887154145-snpheb2jmoufkifes1dut60u2pshmitv.apps.googleusercontent.com",
          "client_type": 3
        }
      ],
      "api_key": [
        {
          "current_key": "AIzaSyB4UdIh2v3sS47Z6O2ssMTMfzuRAiTOrak"
        }
      ],
      "services": {
        "appinvite_service": {
          "other_platform_oauth_client": [
            {
              "client_id": "760887154145-snpheb2jmoufkifes1dut60u2pshmitv.apps.googleusercontent.com",
              "client_type": 3
            }
          ]
        }
      }
    }
  ],
  "configuration_version": "1"
}