{"v":"5.5.7","meta":{"g":"LottieFiles AE 0.1.20","a":"","k":"","d":"","tc":""},"fr":30,"ip":0,"op":75,"w":600,"h":600,"nm":"for lottie","ddd":0,"assets":[{"id":"comp_0","layers":[{"ddd":0,"ind":1,"ty":0,"nm":"Pre-comp 5","td":1,"refId":"comp_1","sr":1,"ks":{"o":{"a":0,"k":100,"ix":11},"r":{"a":0,"k":0,"ix":10},"p":{"a":0,"k":[300,300,0],"ix":2},"a":{"a":0,"k":[300,300,0],"ix":1},"s":{"a":0,"k":[100,100,100],"ix":6}},"ao":0,"w":600,"h":600,"ip":0,"op":120,"st":0,"bm":0},{"ddd":0,"ind":2,"ty":4,"nm":"Shape Layer 1","tt":1,"sr":1,"ks":{"o":{"a":0,"k":100,"ix":11},"r":{"a":0,"k":31,"ix":10},"p":{"a":1,"k":[{"i":{"x":0.309,"y":1},"o":{"x":0.496,"y":0},"t":57,"s":[67.805,181.797,0],"to":[74,42.667,0],"ti":[-74,-42.667,0]},{"t":75,"s":[511.805,437.797,0]}],"ix":2},"a":{"a":0,"k":[-112.195,1.797,0],"ix":1},"s":{"a":0,"k":[100,100,100],"ix":6}},"ao":0,"shapes":[{"ty":"gr","it":[{"ty":"rc","d":1,"s":{"a":0,"k":[117.835,522.695],"ix":2},"p":{"a":0,"k":[0,0],"ix":3},"r":{"a":0,"k":0,"ix":4},"nm":"Rectangle Path 1","mn":"ADBE Vector Shape - Rect","hd":false},{"ty":"fl","c":{"a":0,"k":[1,0.889545994179,0.52650122549,1],"ix":4},"o":{"a":0,"k":100,"ix":5},"r":1,"bm":0,"nm":"Fill 1","mn":"ADBE Vector Graphic - Fill","hd":false},{"ty":"tr","p":{"a":0,"k":[-112.195,1.797],"ix":2},"a":{"a":0,"k":[0,0],"ix":1},"s":{"a":0,"k":[100,100],"ix":3},"r":{"a":0,"k":0,"ix":6},"o":{"a":0,"k":100,"ix":7},"sk":{"a":0,"k":0,"ix":4},"sa":{"a":0,"k":0,"ix":5},"nm":"Transform"}],"nm":"Rectangle 1","np":3,"cix":2,"bm":0,"ix":1,"mn":"ADBE Vector Group","hd":false}],"ip":0,"op":120,"st":0,"bm":0},{"ddd":0,"ind":3,"ty":3,"nm":"front","sr":1,"ks":{"o":{"a":0,"k":0,"ix":11},"r":{"a":1,"k":[{"i":{"x":[0],"y":[1]},"o":{"x":[0.333],"y":[0]},"t":1,"s":[0]},{"i":{"x":[0.833],"y":[1]},"o":{"x":[0.167],"y":[0]},"t":33,"s":[395]},{"i":{"x":[0.833],"y":[1]},"o":{"x":[0.167],"y":[0]},"t":42,"s":[351]},{"i":{"x":[0.833],"y":[1]},"o":{"x":[0.167],"y":[0]},"t":49,"s":[365]},{"t":55,"s":[360]}],"ix":10},"p":{"a":1,"k":[{"i":{"x":0.667,"y":1},"o":{"x":0.333,"y":0},"t":1,"s":[300,300,0],"to":[0,-6.667,0],"ti":[0,-10,0]},{"i":{"x":0.667,"y":1},"o":{"x":0.333,"y":0},"t":15,"s":[300,260,0],"to":[0,10,0],"ti":[0,-6.667,0]},{"i":{"x":0.667,"y":1},"o":{"x":0.333,"y":0},"t":30,"s":[300,360,0],"to":[0,6.667,0],"ti":[0,10,0]},{"t":46,"s":[300,300,0]}],"ix":2},"a":{"a":0,"k":[0,0,0],"ix":1},"s":{"a":1,"k":[{"i":{"x":[0.833,0.833,0.833],"y":[1,1,1]},"o":{"x":[0.333,0.333,0.333],"y":[0,0,0]},"t":8,"s":[100,100,100]},{"i":{"x":[0.667,0.667,0.667],"y":[1,1,1]},"o":{"x":[0.167,0.167,0.167],"y":[0,0,0]},"t":22,"s":[100,85,100]},{"i":{"x":[0.833,0.833,0.833],"y":[1,1,1]},"o":{"x":[0.333,0.333,0.333],"y":[0,0,0]},"t":29,"s":[100,100,100]},{"i":{"x":[0,0,0.667],"y":[1,1,1]},"o":{"x":[0.167,0.167,0.167],"y":[0,0,0]},"t":37,"s":[100,85,100]},{"t":55,"s":[100,100,100]}],"ix":6}},"ao":0,"ip":1,"op":121,"st":1,"bm":0},{"ddd":0,"ind":4,"ty":3,"nm":"back","parent":3,"sr":1,"ks":{"o":{"a":0,"k":0,"ix":11},"r":{"a":0,"k":0,"ix":10},"p":{"a":1,"k":[{"i":{"x":0.833,"y":1},"o":{"x":0.167,"y":0},"t":7,"s":[0,-20,0],"to":[0,5.02,0],"ti":[0,4.627,0]},{"i":{"x":0.833,"y":1},"o":{"x":0.167,"y":0},"t":21,"s":[0,10.118,0],"to":[0,-4.627,0],"ti":[0,5.02,0]},{"i":{"x":0,"y":1},"o":{"x":0.167,"y":0},"t":36,"s":[0,-47.765,0],"to":[0,-5.02,0],"ti":[0,-4.627,0]},{"t":54,"s":[0,-20,0]}],"ix":2},"a":{"a":0,"k":[0,0,0],"ix":1},"s":{"a":0,"k":[100,100,100],"ix":6}},"ao":0,"ip":0,"op":120,"st":0,"bm":0},{"ddd":0,"ind":5,"ty":4,"nm":"coin Outlines 16","parent":3,"sr":1,"ks":{"o":{"a":0,"k":100,"ix":11},"r":{"a":0,"k":0,"ix":10},"p":{"a":0,"k":[0,0,0],"ix":2},"a":{"a":0,"k":[193.551,193.552,0],"ix":1},"s":{"a":0,"k":[100,100,100],"ix":6}},"ao":0,"shapes":[{"ty":"gr","it":[{"ind":0,"ty":"sh","ix":1,"ks":{"a":0,"k":{"i":[[4.759,-3.795],[3.82,-0.946],[0,0],[-2.147,-1.342],[0,-6.385]],"o":[[-2.535,2.021],[0,0],[3.097,1.237],[5.881,3.676],[0,6.143]],"v":[[22.927,59.637],[13.375,64.068],[13.375,25.774],[21.246,29.642],[30.067,44.73]],"c":true},"ix":2},"nm":"Path 1","mn":"ADBE Vector Shape - Group","hd":false},{"ind":1,"ty":"sh","ix":2,"ks":{"a":0,"k":{"i":[[2.437,1.701],[0,5.782],[-4.481,3.975],[-4.28,0.928],[0,0]],"o":[[-5.097,-3.552],[0,-6.144],[2.817,-2.501],[0,0],[-4.039,-1.48]],"v":[[-17.561,-28.003],[-25.205,-42.007],[-18.485,-57.186],[-7.837,-62.326],[-7.837,-23.234]],"c":true},"ix":2},"nm":"Path 2","mn":"ADBE Vector Shape - Group","hd":false},{"ind":2,"ty":"sh","ix":3,"ks":{"a":0,"k":{"i":[[25.646,10.12],[9.862,2.297],[0,0],[-2.134,-2.323],[-1.029,-2.073],[-9.095,0],[0,0],[9.3,14.263],[4.673,3.948],[17.238,1.806],[0,0],[5.857,0],[0,-5.858],[0,0],[11.58,-10.058],[0,-17.348],[-42.71,-9.82],[0,0],[3.867,3.22],[1.597,3.553],[8.822,0],[-8.345,-13.767],[-0.48,-0.727],[-11.818,-5.842],[-11.742,-0.913],[0,0],[-5.858,0],[0,5.859],[0,0],[-11.486,8.901],[0,17.83]],"o":[[-7.082,-2.779],[0,0],[3.278,1.217],[1.6,1.742],[3.807,7.672],[0,0],[17.952,0],[-3.095,-4.747],[-11.193,-9.453],[0,0],[0,-5.858],[-5.858,0],[0,0],[-17.746,1.355],[-13.385,11.627],[0,29.576],[0,0],[-5.58,-1.121],[-2.969,-2.469],[-3.397,-7.564],[-17.01,0],[0.445,0.735],[6.72,10.182],[9.523,4.708],[0,0],[0,5.859],[5.857,0],[0,0],[16.889,-1.714],[14.221,-11.022],[0,-24.938]],"v":[[38.802,-10.023],[13.375,-17.633],[13.375,-61.135],[21.498,-55.831],[25.441,-50.109],[46.337,-37.309],[47.625,-37.309],[67.675,-69.803],[56.023,-82.846],[13.375,-99.732],[13.375,-109.83],[2.77,-120.437],[-7.837,-109.83],[-7.837,-100.049],[-51.833,-82.937],[-71.909,-39.477],[-7.837,19.61],[-7.837,64.425],[-22.013,57.922],[-28.86,48.89],[-49.289,36.599],[-68.93,67.381],[-67.541,69.576],[-39.737,93.61],[-7.837,102.04],[-7.837,109.829],[2.77,120.437],[13.375,109.829],[13.375,101.756],[55.939,85.839],[77.275,42.562]],"c":true},"ix":2},"nm":"Path 3","mn":"ADBE Vector Shape - Group","hd":false},{"ty":"mm","mm":1,"nm":"Merge Paths 1","mn":"ADBE Vector Filter - Merge","hd":false},{"ty":"fl","c":{"a":0,"k":[1,0.783122762044,0.070281862745,1],"ix":4},"o":{"a":0,"k":100,"ix":5},"r":1,"bm":0,"nm":"Fill 1","mn":"ADBE Vector Graphic - Fill","hd":false},{"ty":"tr","p":{"a":0,"k":[190.868,193.551],"ix":2},"a":{"a":0,"k":[0,0],"ix":1},"s":{"a":0,"k":[100,100],"ix":3},"r":{"a":0,"k":0,"ix":6},"o":{"a":0,"k":100,"ix":7},"sk":{"a":0,"k":0,"ix":4},"sa":{"a":0,"k":0,"ix":5},"nm":"Transform"}],"nm":"Group 1","np":5,"cix":2,"bm":0,"ix":1,"mn":"ADBE Vector Group","hd":false}],"ip":0,"op":121,"st":0,"bm":0},{"ddd":0,"ind":6,"ty":4,"nm":"coin Outlines 15","parent":3,"sr":1,"ks":{"o":{"a":0,"k":100,"ix":11},"r":{"a":0,"k":0,"ix":10},"p":{"a":0,"k":[0,0,0],"ix":2},"a":{"a":0,"k":[193.551,193.552,0],"ix":1},"s":{"a":0,"k":[100,100,100],"ix":6}},"ao":0,"shapes":[{"ty":"gr","it":[{"ind":0,"ty":"sh","ix":1,"ks":{"a":0,"k":{"i":[[78.977,0],[0,78.977],[-78.977,0],[0,-78.977]],"o":[[-78.977,0],[0,-78.977],[78.977,0],[0,78.977]],"v":[[-0.001,142.999],[-143.001,-0.001],[-0.001,-143.001],[142.999,-0.001]],"c":true},"ix":2},"nm":"Path 1","mn":"ADBE Vector Shape - Group","hd":false},{"ind":1,"ty":"sh","ix":2,"ks":{"a":0,"k":{"i":[[106.758,0],[0,-106.757],[-106.757,0],[0,106.758]],"o":[[-106.757,0],[0,106.758],[106.758,0],[0,-106.757]],"v":[[-0.001,-193.301],[-193.301,-0.001],[-0.001,193.301],[193.302,-0.001]],"c":true},"ix":2},"nm":"Path 2","mn":"ADBE Vector Shape - Group","hd":false},{"ty":"mm","mm":1,"nm":"Merge Paths 1","mn":"ADBE Vector Filter - Merge","hd":false},{"ty":"fl","c":{"a":0,"k":[1,0.783122762044,0.070281862745,1],"ix":4},"o":{"a":0,"k":100,"ix":5},"r":1,"bm":0,"nm":"Fill 1","mn":"ADBE Vector Graphic - Fill","hd":false},{"ty":"tr","p":{"a":0,"k":[193.552,193.552],"ix":2},"a":{"a":0,"k":[0,0],"ix":1},"s":{"a":0,"k":[100,100],"ix":3},"r":{"a":0,"k":0,"ix":6},"o":{"a":0,"k":100,"ix":7},"sk":{"a":0,"k":0,"ix":4},"sa":{"a":0,"k":0,"ix":5},"nm":"Transform"}],"nm":"Group 2","np":4,"cix":2,"bm":0,"ix":1,"mn":"ADBE Vector Group","hd":false}],"ip":0,"op":121,"st":0,"bm":0},{"ddd":0,"ind":7,"ty":4,"nm":"coin Outlines 12","parent":4,"sr":1,"ks":{"o":{"a":0,"k":100,"ix":11},"r":{"a":0,"k":0,"ix":10},"p":{"a":0,"k":[0,20,0],"ix":2},"a":{"a":0,"k":[193.551,193.552,0],"ix":1},"s":{"a":0,"k":[100,100,100],"ix":6}},"ao":0,"shapes":[{"ty":"gr","it":[{"ind":0,"ty":"sh","ix":1,"ks":{"a":0,"k":{"i":[[4.759,-3.795],[3.82,-0.946],[0,0],[-2.147,-1.342],[0,-6.385]],"o":[[-2.535,2.021],[0,0],[3.097,1.237],[5.881,3.676],[0,6.143]],"v":[[22.927,59.637],[13.375,64.068],[13.375,25.774],[21.246,29.642],[30.067,44.73]],"c":true},"ix":2},"nm":"Path 1","mn":"ADBE Vector Shape - Group","hd":false},{"ind":1,"ty":"sh","ix":2,"ks":{"a":0,"k":{"i":[[2.437,1.701],[0,5.782],[-4.481,3.975],[-4.28,0.928],[0,0]],"o":[[-5.097,-3.552],[0,-6.144],[2.817,-2.501],[0,0],[-4.039,-1.48]],"v":[[-17.561,-28.003],[-25.205,-42.007],[-18.485,-57.186],[-7.837,-62.326],[-7.837,-23.234]],"c":true},"ix":2},"nm":"Path 2","mn":"ADBE Vector Shape - Group","hd":false},{"ind":2,"ty":"sh","ix":3,"ks":{"a":1,"k":[{"i":{"x":0.667,"y":1},"o":{"x":0.333,"y":0},"t":11,"s":[{"i":[[25.646,10.12],[9.862,2.297],[0,0],[-2.134,-2.323],[-1.029,-2.073],[-9.095,0],[0,0],[9.3,14.263],[4.673,3.948],[17.238,1.806],[0,0],[5.857,0],[0,-5.858],[0,0],[11.58,-10.058],[0,-17.348],[-42.71,-9.82],[0,0],[3.867,3.22],[1.597,3.553],[8.822,0],[-8.345,-13.767],[-0.48,-0.727],[-11.818,-5.842],[-11.742,-0.913],[0,0],[-5.858,0],[0,5.859],[0,0],[-11.486,8.901],[0,17.83]],"o":[[-7.082,-2.779],[0,0],[3.278,1.217],[1.6,1.742],[3.807,7.672],[0,0],[17.952,0],[-3.095,-4.747],[-11.193,-9.453],[0,0],[0,-5.858],[-5.858,0],[0,0],[-17.746,1.355],[-13.385,11.627],[0,29.576],[0,0],[-5.58,-1.121],[-2.969,-2.469],[-3.397,-7.564],[-17.01,0],[0.445,0.735],[6.72,10.182],[9.523,4.708],[0,0],[0,5.859],[5.857,0],[0,0],[16.889,-1.714],[14.221,-11.022],[0,-24.938]],"v":[[38.802,-10.023],[13.375,-17.633],[13.375,-61.135],[21.498,-55.831],[25.441,-50.109],[46.337,-37.309],[47.625,-37.309],[67.675,-69.803],[56.023,-82.846],[13.375,-99.732],[13.375,-109.83],[2.77,-120.437],[-7.837,-109.83],[-7.837,-100.049],[-51.833,-82.937],[-71.909,-39.477],[-7.837,19.61],[-7.837,64.425],[-22.013,57.922],[-28.86,48.89],[-49.289,36.599],[-68.93,67.381],[-67.541,69.576],[-39.737,93.61],[-7.837,102.04],[-7.837,109.829],[2.77,120.437],[13.375,109.829],[13.375,101.756],[55.939,85.839],[77.275,42.562]],"c":true}]},{"i":{"x":0.667,"y":1},"o":{"x":0.333,"y":0},"t":21,"s":[{"i":[[25.646,10.12],[9.862,2.297],[0,0],[-2.134,-2.323],[-1.029,-2.073],[-9.095,0],[0,0],[13.508,40.852],[4.673,3.948],[17.238,1.806],[0,0],[5.857,0],[0,-5.858],[0,0],[11.58,-10.058],[0,-17.348],[-42.71,-9.82],[0,0],[3.867,3.22],[1.597,3.553],[8.822,0],[-8.345,-13.767],[-0.48,-0.727],[-11.818,-5.842],[-11.742,-0.913],[0,0],[-5.858,0],[0,5.859],[0,0],[-11.486,8.901],[0,17.83]],"o":[[-7.082,-2.779],[0,0],[3.278,1.217],[1.6,1.742],[3.807,7.672],[0,0],[17.952,0],[-1.779,-5.38],[-11.193,-9.453],[0,0],[0,-5.858],[-5.858,0],[0,0],[-17.746,1.355],[-13.385,11.627],[0,29.576],[0,0],[-5.58,-1.121],[-2.969,-2.469],[-3.397,-7.564],[-17.01,0],[0.445,0.735],[6.72,10.182],[9.523,4.708],[0,0],[0,5.859],[5.857,0],[0,0],[16.889,-1.714],[14.221,-11.022],[0,-24.938]],"v":[[38.802,-10.023],[13.375,-17.633],[13.375,-61.135],[21.498,-55.831],[25.441,-50.109],[46.337,-37.309],[47.625,-37.309],[69.675,-93.921],[56.023,-82.846],[13.375,-99.732],[13.375,-109.83],[2.77,-120.437],[-7.837,-109.83],[-7.837,-100.049],[-51.833,-82.937],[-71.909,-39.477],[-7.837,19.61],[-7.837,64.425],[-22.013,57.922],[-28.86,48.89],[-59.289,11.304],[-68.93,67.381],[-67.541,69.576],[-39.737,93.61],[-7.837,102.04],[-7.837,109.829],[2.77,120.437],[13.375,109.829],[13.375,101.756],[55.939,85.839],[77.275,42.562]],"c":true}]},{"i":{"x":0.833,"y":1},"o":{"x":0.333,"y":0},"t":29,"s":[{"i":[[25.646,10.12],[9.862,2.297],[0,0],[-2.134,-2.323],[-1.029,-2.073],[-9.095,0],[0,0],[9.3,14.263],[4.673,3.948],[17.238,1.806],[0,0],[5.857,0],[0,-5.858],[0,0],[11.58,-10.058],[0,-17.348],[-42.71,-9.82],[0,0],[3.867,3.22],[1.597,3.553],[8.822,0],[-8.345,-13.767],[-0.48,-0.727],[-11.818,-5.842],[-11.742,-0.913],[0,0],[-5.858,0],[0,5.859],[0,0],[-11.486,8.901],[0,17.83]],"o":[[-7.082,-2.779],[0,0],[3.278,1.217],[1.6,1.742],[3.807,7.672],[0,0],[17.952,0],[-3.095,-4.747],[-11.193,-9.453],[0,0],[0,-5.858],[-5.858,0],[0,0],[-17.746,1.355],[-13.385,11.627],[0,29.576],[0,0],[-5.58,-1.121],[-2.969,-2.469],[-3.397,-7.564],[-17.01,0],[0.445,0.735],[6.72,10.182],[9.523,4.708],[0,0],[0,5.859],[5.857,0],[0,0],[16.889,-1.714],[14.221,-11.022],[0,-24.938]],"v":[[38.802,-10.023],[13.375,-17.633],[13.375,-61.135],[21.498,-55.831],[25.441,-50.109],[46.337,-37.309],[47.625,-37.309],[67.675,-69.803],[56.023,-82.846],[13.375,-99.732],[13.375,-109.83],[2.77,-120.437],[-7.837,-109.83],[-7.837,-100.049],[-51.833,-82.937],[-71.909,-39.477],[-7.837,19.61],[-7.837,64.425],[-22.013,57.922],[-28.86,48.89],[-49.289,36.599],[-68.93,67.381],[-67.541,69.576],[-39.737,93.61],[-7.837,102.04],[-7.837,109.829],[2.77,120.437],[13.375,109.829],[13.375,101.756],[55.939,85.839],[77.275,42.562]],"c":true}]},{"i":{"x":0.667,"y":1},"o":{"x":0.167,"y":0},"t":36,"s":[{"i":[[25.646,10.12],[9.862,2.297],[0,0],[-2.134,-2.323],[-1.029,-2.073],[-9.095,0],[0,0],[-3.387,16.687],[4.673,3.948],[17.238,1.806],[0,0],[5.857,0],[0,-5.858],[0,0],[11.58,-10.058],[0,-17.348],[-42.71,-9.82],[0,0],[3.867,3.22],[1.597,3.553],[8.822,0],[-12.387,-42.246],[-0.48,-0.727],[-11.818,-5.842],[-11.742,-0.913],[0,0],[-5.858,0],[0,5.859],[0,0],[-11.486,8.901],[0,17.83]],"o":[[-7.082,-2.779],[0,0],[3.278,1.217],[1.6,1.742],[3.807,7.672],[0,0],[17.952,0],[6.758,-33.297],[-11.193,-9.453],[0,0],[0,-5.858],[-5.858,0],[0,0],[-17.746,1.355],[-13.385,11.627],[0,29.576],[0,0],[-5.58,-1.121],[-2.969,-2.469],[-3.397,-7.564],[-17.01,0],[0.242,0.825],[6.72,10.182],[9.523,4.708],[0,0],[0,5.859],[5.857,0],[0,0],[16.889,-1.714],[14.221,-11.022],[0,-24.938]],"v":[[38.802,-10.023],[13.375,-17.633],[13.375,-61.135],[21.498,-55.831],[25.441,-50.109],[40.837,-32.898],[44.875,-29.957],[70.675,-32.156],[56.023,-82.846],[13.375,-99.732],[13.375,-109.83],[2.77,-120.437],[-7.837,-109.83],[-7.837,-100.049],[-51.833,-82.937],[-71.909,-39.477],[-7.837,19.61],[-7.837,64.425],[-22.013,57.922],[-28.86,48.89],[-49.289,36.599],[-70.18,91.499],[-60.291,98.106],[-39.737,93.61],[-7.837,102.04],[-7.837,109.829],[2.77,120.437],[13.375,109.829],[13.375,101.756],[55.939,85.839],[77.275,42.562]],"c":true}]},{"t":46,"s":[{"i":[[25.646,10.12],[9.862,2.297],[0,0],[-2.134,-2.323],[-1.029,-2.073],[-9.095,0],[0,0],[9.3,14.263],[4.673,3.948],[17.238,1.806],[0,0],[5.857,0],[0,-5.858],[0,0],[11.58,-10.058],[0,-17.348],[-42.71,-9.82],[0,0],[3.867,3.22],[1.597,3.553],[8.822,0],[-8.345,-13.767],[-0.48,-0.727],[-11.818,-5.842],[-11.742,-0.913],[0,0],[-5.858,0],[0,5.859],[0,0],[-11.486,8.901],[0,17.83]],"o":[[-7.082,-2.779],[0,0],[3.278,1.217],[1.6,1.742],[3.807,7.672],[0,0],[17.952,0],[-3.095,-4.747],[-11.193,-9.453],[0,0],[0,-5.858],[-5.858,0],[0,0],[-17.746,1.355],[-13.385,11.627],[0,29.576],[0,0],[-5.58,-1.121],[-2.969,-2.469],[-3.397,-7.564],[-17.01,0],[0.445,0.735],[6.72,10.182],[9.523,4.708],[0,0],[0,5.859],[5.857,0],[0,0],[16.889,-1.714],[14.221,-11.022],[0,-24.938]],"v":[[38.802,-10.023],[13.375,-17.633],[13.375,-61.135],[21.498,-55.831],[25.441,-50.109],[46.337,-37.309],[47.625,-37.309],[67.675,-69.803],[56.023,-82.846],[13.375,-99.732],[13.375,-109.83],[2.77,-120.437],[-7.837,-109.83],[-7.837,-100.049],[-51.833,-82.937],[-71.909,-39.477],[-7.837,19.61],[-7.837,64.425],[-22.013,57.922],[-28.86,48.89],[-49.289,36.599],[-68.93,67.381],[-67.541,69.576],[-39.737,93.61],[-7.837,102.04],[-7.837,109.829],[2.77,120.437],[13.375,109.829],[13.375,101.756],[55.939,85.839],[77.275,42.562]],"c":true}]}],"ix":2},"nm":"Path 3","mn":"ADBE Vector Shape - Group","hd":false},{"ty":"mm","mm":1,"nm":"Merge Paths 1","mn":"ADBE Vector Filter - Merge","hd":false},{"ty":"fl","c":{"a":0,"k":[0.872411151961,0.354176480162,0,1],"ix":4},"o":{"a":0,"k":100,"ix":5},"r":1,"bm":0,"nm":"Fill 1","mn":"ADBE Vector Graphic - Fill","hd":false},{"ty":"tr","p":{"a":0,"k":[190.868,193.551],"ix":2},"a":{"a":0,"k":[0,0],"ix":1},"s":{"a":0,"k":[100,100],"ix":3},"r":{"a":0,"k":0,"ix":6},"o":{"a":0,"k":100,"ix":7},"sk":{"a":0,"k":0,"ix":4},"sa":{"a":0,"k":0,"ix":5},"nm":"Transform"}],"nm":"Group 1","np":5,"cix":2,"bm":0,"ix":1,"mn":"ADBE Vector Group","hd":false}],"ip":0,"op":121,"st":0,"bm":0},{"ddd":0,"ind":8,"ty":4,"nm":"coin Outlines 13","parent":4,"sr":1,"ks":{"o":{"a":0,"k":100,"ix":11},"r":{"a":0,"k":0,"ix":10},"p":{"a":0,"k":[0,0,0],"ix":2},"a":{"a":0,"k":[193.551,193.552,0],"ix":1},"s":{"a":0,"k":[100,100,100],"ix":6}},"ao":0,"shapes":[{"ty":"gr","it":[{"ind":0,"ty":"sh","ix":1,"ks":{"a":0,"k":{"i":[[78.977,0],[0,78.977],[-78.977,0],[0,-78.977]],"o":[[-78.977,0],[0,-78.977],[78.977,0],[0,78.977]],"v":[[-0.001,142.999],[-143.001,-0.001],[-0.001,-143.001],[142.999,-0.001]],"c":true},"ix":2},"nm":"Path 1","mn":"ADBE Vector Shape - Group","hd":false},{"ind":1,"ty":"sh","ix":2,"ks":{"a":0,"k":{"i":[[106.758,0],[0,-106.757],[-106.757,0],[0,106.758]],"o":[[-106.757,0],[0,106.758],[106.758,0],[0,-106.757]],"v":[[-0.001,-193.301],[-193.301,-0.001],[-0.001,193.301],[193.302,-0.001]],"c":true},"ix":2},"nm":"Path 2","mn":"ADBE Vector Shape - Group","hd":false},{"ty":"mm","mm":1,"nm":"Merge Paths 1","mn":"ADBE Vector Filter - Merge","hd":false},{"ty":"fl","c":{"a":0,"k":[0.872411151961,0.354176480162,0,1],"ix":4},"o":{"a":0,"k":100,"ix":5},"r":1,"bm":0,"nm":"Fill 1","mn":"ADBE Vector Graphic - Fill","hd":false},{"ty":"tr","p":{"a":0,"k":[193.552,213.552],"ix":2},"a":{"a":0,"k":[0,0],"ix":1},"s":{"a":0,"k":[100,100],"ix":3},"r":{"a":0,"k":0,"ix":6},"o":{"a":0,"k":100,"ix":7},"sk":{"a":0,"k":0,"ix":4},"sa":{"a":0,"k":0,"ix":5},"nm":"Transform"}],"nm":"Group 2","np":4,"cix":2,"bm":0,"ix":1,"mn":"ADBE Vector Group","hd":false}],"ip":0,"op":121,"st":0,"bm":0},{"ddd":0,"ind":9,"ty":4,"nm":"coin Outlines 14","parent":3,"sr":1,"ks":{"o":{"a":0,"k":100,"ix":11},"r":{"a":0,"k":0,"ix":10},"p":{"a":0,"k":[0,0,0],"ix":2},"a":{"a":0,"k":[193.551,193.552,0],"ix":1},"s":{"a":0,"k":[100,100,100],"ix":6}},"ao":0,"shapes":[{"ty":"gr","it":[{"ind":0,"ty":"sh","ix":1,"ks":{"a":0,"k":{"i":[[106.758,0],[0,-106.757],[-106.757,0],[0,106.758]],"o":[[-106.757,0],[0,106.758],[106.758,0],[0,-106.757]],"v":[[-0.001,-193.301],[-193.301,-0.001],[-0.001,193.301],[193.302,-0.001]],"c":true},"ix":2},"nm":"Path 1","mn":"ADBE Vector Shape - Group","hd":false},{"ty":"fl","c":{"a":0,"k":[0.93762254902,0.484761286717,0.001795358985,1],"ix":4},"o":{"a":0,"k":100,"ix":5},"r":1,"bm":0,"nm":"Fill 1","mn":"ADBE Vector Graphic - Fill","hd":false},{"ty":"tr","p":{"a":0,"k":[193.552,193.551],"ix":2},"a":{"a":0,"k":[0,0],"ix":1},"s":{"a":0,"k":[100,100],"ix":3},"r":{"a":0,"k":0,"ix":6},"o":{"a":0,"k":100,"ix":7},"sk":{"a":0,"k":0,"ix":4},"sa":{"a":0,"k":0,"ix":5},"nm":"Transform"}],"nm":"Group 3","np":2,"cix":2,"bm":0,"ix":1,"mn":"ADBE Vector Group","hd":false}],"ip":0,"op":121,"st":0,"bm":0},{"ddd":0,"ind":10,"ty":4,"nm":"coin Outlines 3","parent":4,"sr":1,"ks":{"o":{"a":0,"k":100,"ix":11},"r":{"a":0,"k":0,"ix":10},"p":{"a":0,"k":[0,20,0],"ix":2},"a":{"a":0,"k":[193.551,193.552,0],"ix":1},"s":{"a":0,"k":[100,100,100],"ix":6}},"ao":0,"shapes":[{"ty":"gr","it":[{"ind":0,"ty":"sh","ix":1,"ks":{"a":0,"k":{"i":[[106.758,0],[0,-106.757],[-106.757,0],[0,106.758]],"o":[[-106.757,0],[0,106.758],[106.758,0],[0,-106.757]],"v":[[-0.001,-193.301],[-193.301,-0.001],[-0.001,193.301],[193.302,-0.001]],"c":true},"ix":2},"nm":"Path 1","mn":"ADBE Vector Shape - Group","hd":false},{"ty":"fl","c":{"a":0,"k":[0.872411151961,0.354176480162,0,1],"ix":4},"o":{"a":0,"k":100,"ix":5},"r":1,"bm":0,"nm":"Fill 1","mn":"ADBE Vector Graphic - Fill","hd":false},{"ty":"tr","p":{"a":0,"k":[193.552,193.551],"ix":2},"a":{"a":0,"k":[0,0],"ix":1},"s":{"a":0,"k":[100,100],"ix":3},"r":{"a":0,"k":0,"ix":6},"o":{"a":0,"k":100,"ix":7},"sk":{"a":0,"k":0,"ix":4},"sa":{"a":0,"k":0,"ix":5},"nm":"Transform"}],"nm":"Group 3","np":2,"cix":2,"bm":0,"ix":1,"mn":"ADBE Vector Group","hd":false}],"ip":0,"op":121,"st":0,"bm":0}]},{"id":"comp_1","layers":[{"ddd":0,"ind":1,"ty":4,"nm":"coin Outlines 18","sr":1,"ks":{"o":{"a":0,"k":100,"ix":11},"r":{"a":0,"k":0,"ix":10},"p":{"a":0,"k":[300,300,0],"ix":2},"a":{"a":0,"k":[193.551,193.552,0],"ix":1},"s":{"a":0,"k":[100,100,100],"ix":6}},"ao":0,"shapes":[{"ty":"gr","it":[{"ind":0,"ty":"sh","ix":1,"ks":{"a":0,"k":{"i":[[4.759,-3.795],[3.82,-0.946],[0,0],[-2.147,-1.342],[0,-6.385]],"o":[[-2.535,2.021],[0,0],[3.097,1.237],[5.881,3.676],[0,6.143]],"v":[[22.927,59.637],[13.375,64.068],[13.375,25.774],[21.246,29.642],[30.067,44.73]],"c":true},"ix":2},"nm":"Path 1","mn":"ADBE Vector Shape - Group","hd":false},{"ind":1,"ty":"sh","ix":2,"ks":{"a":0,"k":{"i":[[2.437,1.701],[0,5.782],[-4.481,3.975],[-4.28,0.928],[0,0]],"o":[[-5.097,-3.552],[0,-6.144],[2.817,-2.501],[0,0],[-4.039,-1.48]],"v":[[-17.561,-28.003],[-25.205,-42.007],[-18.485,-57.186],[-7.837,-62.326],[-7.837,-23.234]],"c":true},"ix":2},"nm":"Path 2","mn":"ADBE Vector Shape - Group","hd":false},{"ind":2,"ty":"sh","ix":3,"ks":{"a":0,"k":{"i":[[25.646,10.12],[9.862,2.297],[0,0],[-2.134,-2.323],[-1.029,-2.073],[-9.095,0],[0,0],[9.3,14.263],[4.673,3.948],[17.238,1.806],[0,0],[5.857,0],[0,-5.858],[0,0],[11.58,-10.058],[0,-17.348],[-42.71,-9.82],[0,0],[3.867,3.22],[1.597,3.553],[8.822,0],[-8.345,-13.767],[-0.48,-0.727],[-11.818,-5.842],[-11.742,-0.913],[0,0],[-5.858,0],[0,5.859],[0,0],[-11.486,8.901],[0,17.83]],"o":[[-7.082,-2.779],[0,0],[3.278,1.217],[1.6,1.742],[3.807,7.672],[0,0],[17.952,0],[-3.095,-4.747],[-11.193,-9.453],[0,0],[0,-5.858],[-5.858,0],[0,0],[-17.746,1.355],[-13.385,11.627],[0,29.576],[0,0],[-5.58,-1.121],[-2.969,-2.469],[-3.397,-7.564],[-17.01,0],[0.445,0.735],[6.72,10.182],[9.523,4.708],[0,0],[0,5.859],[5.857,0],[0,0],[16.889,-1.714],[14.221,-11.022],[0,-24.938]],"v":[[38.802,-10.023],[13.375,-17.633],[13.375,-61.135],[21.498,-55.831],[25.441,-50.109],[46.337,-37.309],[47.625,-37.309],[67.675,-69.803],[56.023,-82.846],[13.375,-99.732],[13.375,-109.83],[2.77,-120.437],[-7.837,-109.83],[-7.837,-100.049],[-51.833,-82.937],[-71.909,-39.477],[-7.837,19.61],[-7.837,64.425],[-22.013,57.922],[-28.86,48.89],[-49.289,36.599],[-68.93,67.381],[-67.541,69.576],[-39.737,93.61],[-7.837,102.04],[-7.837,109.829],[2.77,120.437],[13.375,109.829],[13.375,101.756],[55.939,85.839],[77.275,42.562]],"c":true},"ix":2},"nm":"Path 3","mn":"ADBE Vector Shape - Group","hd":false},{"ty":"mm","mm":1,"nm":"Merge Paths 1","mn":"ADBE Vector Filter - Merge","hd":false},{"ty":"fl","c":{"a":0,"k":[1,0.783122762044,0.070281862745,1],"ix":4},"o":{"a":0,"k":100,"ix":5},"r":1,"bm":0,"nm":"Fill 1","mn":"ADBE Vector Graphic - Fill","hd":false},{"ty":"tr","p":{"a":0,"k":[190.868,193.551],"ix":2},"a":{"a":0,"k":[0,0],"ix":1},"s":{"a":0,"k":[100,100],"ix":3},"r":{"a":0,"k":0,"ix":6},"o":{"a":0,"k":100,"ix":7},"sk":{"a":0,"k":0,"ix":4},"sa":{"a":0,"k":0,"ix":5},"nm":"Transform"}],"nm":"Group 1","np":5,"cix":2,"bm":0,"ix":1,"mn":"ADBE Vector Group","hd":false}],"ip":0,"op":121,"st":0,"bm":0},{"ddd":0,"ind":2,"ty":4,"nm":"coin Outlines 17","sr":1,"ks":{"o":{"a":0,"k":100,"ix":11},"r":{"a":0,"k":0,"ix":10},"p":{"a":0,"k":[300,300,0],"ix":2},"a":{"a":0,"k":[193.551,193.552,0],"ix":1},"s":{"a":0,"k":[100,100,100],"ix":6}},"ao":0,"shapes":[{"ty":"gr","it":[{"ind":0,"ty":"sh","ix":1,"ks":{"a":0,"k":{"i":[[78.977,0],[0,78.977],[-78.977,0],[0,-78.977]],"o":[[-78.977,0],[0,-78.977],[78.977,0],[0,78.977]],"v":[[-0.001,142.999],[-143.001,-0.001],[-0.001,-143.001],[142.999,-0.001]],"c":true},"ix":2},"nm":"Path 1","mn":"ADBE Vector Shape - Group","hd":false},{"ind":1,"ty":"sh","ix":2,"ks":{"a":0,"k":{"i":[[106.758,0],[0,-106.757],[-106.757,0],[0,106.758]],"o":[[-106.757,0],[0,106.758],[106.758,0],[0,-106.757]],"v":[[-0.001,-193.301],[-193.301,-0.001],[-0.001,193.301],[193.302,-0.001]],"c":true},"ix":2},"nm":"Path 2","mn":"ADBE Vector Shape - Group","hd":false},{"ty":"mm","mm":1,"nm":"Merge Paths 1","mn":"ADBE Vector Filter - Merge","hd":false},{"ty":"fl","c":{"a":0,"k":[1,0.783122762044,0.070281862745,1],"ix":4},"o":{"a":0,"k":100,"ix":5},"r":1,"bm":0,"nm":"Fill 1","mn":"ADBE Vector Graphic - Fill","hd":false},{"ty":"tr","p":{"a":0,"k":[193.552,193.552],"ix":2},"a":{"a":0,"k":[0,0],"ix":1},"s":{"a":0,"k":[100,100],"ix":3},"r":{"a":0,"k":0,"ix":6},"o":{"a":0,"k":100,"ix":7},"sk":{"a":0,"k":0,"ix":4},"sa":{"a":0,"k":0,"ix":5},"nm":"Transform"}],"nm":"Group 2","np":4,"cix":2,"bm":0,"ix":1,"mn":"ADBE Vector Group","hd":false}],"ip":0,"op":121,"st":0,"bm":0}]}],"layers":[{"ddd":0,"ind":1,"ty":0,"nm":"lottie_freebie","refId":"comp_0","sr":1,"ks":{"o":{"a":0,"k":100,"ix":11},"r":{"a":0,"k":0,"ix":10},"p":{"a":0,"k":[300,300,0],"ix":2},"a":{"a":0,"k":[300,300,0],"ix":1},"s":{"a":0,"k":[100,100,100],"ix":6}},"ao":0,"w":600,"h":600,"ip":0,"op":120,"st":0,"bm":0}],"markers":[]}